DEP,DES,WAKE,EET
ZUUU,ZBHH,M,0210
ZBXJ,ZGFS,M,0300
ZUUU,ZBHD,M,0140
WADD,ZHCC,H,0607
VTBD,ZYTX,H,0431
VHHH,ZMUB,H,0407
ZSCN,ZSJN,M,0130
ZHSY,ZSHC,M,0141
UUWW,ZGHA,H,0749
ZHCC,VTSP,M,0444
ZYTL,ZBYN,M,0129
ZSJG,ZPPP,M,0242
ZHCC,ZUGY,M,0150
ZBSJ,ZGOW,M,0233
ZYTL,ZLLL,M,0245
ZPPP,ZBYN,M,0225
ZSJN,ZSPD,M,0118
ZSPD,ZBSJ,M,0142
ZYAS,ZUUU,M,0320
ZHYC,ZBHH,M,0158
RKSI,ZHCC,H,0204
ZLIC,ZBDS,M,0059
ZYHB,ZSSR,M,0323
ZSSS,ZBHH,M,0232
ZBLF,ZPPP,M,0226
ZBAA,UIII,M,0236
UHWW,ZBAA,M,0208
ZBES,ZBHH,M,0150
EDDK,ZSPD,H,1106
LOWW,ZBAA,H,0853
ZBLL,ZBTJ,M,0100
WSSS,ZHCC,M,0503
ZMUB,ZBAA,M,0152
ZBNY,ZUAS,M,0246
LTFM,RJAA,H,1111
ZBAA,OMDB,J,0812
ZBAA,LSZH,H,1025
ZBXG,ZZZZ,M,0300
ZSCN,EBLG,H,1139
ZHCC,ZBAA,M,0129
ZHNY,ZSPD,M,0123
KLAX,ZGSZ,H,1443
UBBB,ZSPD,H,0743
RKSI,EPWA,H,1013
ZSNJ,UUWW,H,0910
ZBAA,LGAV,H,0956
LKPR,ZBAA,H,0821
ZSHC,UNAA,M,0520
ZBAA,VMMC,M,0303
ZWWW,ZBDT,M,0246
ESSA,ZBAA,H,0747
ZSJN,ZSNJ,M,0056
ZSPD,EHAM,H,1142
ZSHC,ZBYN,M,0156
ZSJN,ZSNB,M,0129
LFPG,ZSJN,H,1009
ZBAA,ZGSZ,M,0256
ZSPD,LKPR,H,1156
ZBXJ,ZGCS,M,0300
ZSHC,ZLLL,M,0244
ZSHC,ZBYC,M,0146
ZBTJ,ZYHB,M,0138
RKSI,LTFM,H,1104
ZLLL,ZBYN,M,0109
OKBK,RKSI,H,0838
ZYTX,ZPPP,M,0411
ZBAA,ZGSD,M,0259
ZUUU,ZBDS,M,0140
VHHH,EFHK,H,1006
ZHHH,ZYHB,M,0252
ZYHB,VVCR,M,0554
UUBW,ZSJN,H,0733
EGLL,ZGGG,H,1036
EDDM,ZBAA,J,0828
ZBYN,ZYHB,M,0200
ZSSH,ZBAA,M,0120
KSFO,ZHHH,H,1314
ZWWW,ZHNY,M,0322
ZBXJ,ZGBH,M,0400
ZGNN,ZSJN,M,0228
ZSPD,ZBOW,M,0244
ZGGG,ZSJN,M,0215
ZLIC,ZBAA,M,0126
ZGGG,ZSJG,M,0159
ZSCN,ZLXY,M,0139
LFPG,RKSI,H,1003
ZBAA,OMAA,H,0837
ZBSJ,ZGKL,M,0221
ZLIC,ZHLY,M,0117
ZSPD,LEBL,H,1254
ZHCC,ZUCK,M,0132
VHHH,LFPG,H,1212
ZBDS,ZSNJ,M,0143
ZSPD,ZBNY,M,0143
ZSWF,ZGSZ,M,0244
ZHXY,ZPPP,M,0242
ZBNY,ZHDY,M,0300
ZBAA,KORD,H,1221
ZYTL,ZBTJ,M,0053
ZUGY,ZBAA,M,0242
ZUUU,ZHNY,M,0126
ZBTJ,ZLLL,M,0200
OMAA,ZBAA,H,0657
ZYHB,ZSOF,M,0246
ZBLL,ZUUU,M,0130
RJTT,OOMS,M,1211
ZPPP,ZBTJ,M,0258
ZWWW,ZBAA,M,0311
ZUGY,ZHLY,M,0142
ZBTJ,ZBXZ,M,0045
ZSJN,ZSJU,M,0130
ZJSY,UHWW,M,0507
ZGGG,ZYTX,M,0309
ZSNB,ZSJN,M,0137
UUEE,VHHH,H,0808
ZSFZ,ZSJN,M,0204
LFPG,ZSFZ,H,1057
PGSN,ZBAA,H,0618
UACC,ZBAA,M,0442
ZYTL,ZBSJ,M,0113
RJAA,ZBTJ,H,0324
ZBTJ,ZYDQ,M,0146
ZBXH,ZBAA,M,0100
VTBS,ZSQD,M,0417
ZPPP,ZBSJ,M,0239
ZBYC,ZBTJ,M,0117
UTDD,ZBAA,M,0500
ZBAA,ZGOW,M,0246
CYUL,ZBAA,H,1313
ZBXJ,ZSWU,M,0300
ZUUU,ZBAA,H,0220
ZSRZ,ZLXY,M,0149
KEWR,ZBAA,H,1355
OMDB,ZBAA,H,0655
RKSI,LTBA,H,1104
EHAM,ZSPD,H,0945
ZPLJ,ZBTJ,M,0253
ZSPD,ZBLL,M,0221
ZSHC,ZBTL,M,0234
ZSHC,ZBTJ,M,0143
ZSPD,ZBLF,M,0209
ZUZY,ZBAA,M,0230
VVNB,ZBAA,H,0256
ZSAM,ZHCC,M,0155
ZBTJ,ZYCC,M,0120
ZSPD,ZHXF,M,0145
ZSJN,EBLG,H,1038
ZBHH,ZGNN,M,0246
ZBAA,ZGNN,M,0303
OIIE,ZSPD,H,0806
ZHXY,ZSSS,M,0114
LHBP,ZBAA,H,0837
ZBSJ,ZGHA,M,0146
EPWA,ZBAA,H,0804
ZLLL,ZBTJ,M,0148
ZSSS,ZBAA,H,0150
ZSJN,ZYTL,M,0050
ZBTJ,ZYBS,M,0128
ZHHH,ZYCC,M,0244
ZSJN,ZSHC,M,0114
ZSSS,ZHLY,M,0146
ZSHC,ZBSJ,M,0149
ZBAA,ZJSY,M,0338
VYYY,ZBAA,M,0421
ZBDS,ZSJN,M,0126
ZSNT,ZLXY,M,0201
ZBSJ,ZGGG,M,0226
ZSOF,ZBHH,M,0145
ZBTJ,ZUZY,M,0235
ZHHH,ZLIC,M,0154
ZLLL,ZBSJ,M,0137
ZLIC,ZHHH,M,0144
ZSWZ,ZBYN,M,0229
ZBYN,ZLIC,M,0110
ZBSJ,ZGFS,M,0224
ZSWZ,ZLLL,M,0306
ZSJN,ZSFZ,M,0202
ZHNY,ZSHC,M,0117
ZBAA,KIAH,H,1255
EDDF,ZBAA,H,0853
ZBYY,ZBYY,L,0200
ZBYN,ZBUH,M,0123
ZYHB,ZSJN,M,0207
ZBAA,ZWKM,M,0412
ZSHC,EHAM,H,1108
ZHXY,ZSQD,M,0141
ZWWW,ZHHH,M,0405
ZYTX,ZSOF,M,0221
ZSNB,ZLXY,M,0219
ZSJN,ZLXY,M,0137
ZSFZ,ZLXY,M,0226
ZSCG,ZLXY,M,0155
ZHHH,ZBTJ,M,0134
ZGHA,ZYHB,M,0311
ZBAA,UUWW,M,0744
ZBXG,ZGLG,M,0300
EKCH,ZSPD,H,0916
ZBAA,ZGKL,M,0237
ZBTJ,ZBSJ,M,0050
ZBDS,ZSHC,M,0209
ZHCC,RCTP,M,0214
LIRF,ZSPD,H,1029
ZBXJ,ZSSF,M,0300
RJBB,ZBAA,H,0249
CYYZ,VHHH,H,1451
ZSPD,ZBHH,M,0242
ZSPD,ZBHD,M,0159
ZHCC,RJAA,M,0325
ZGHY,ZHCC,M,0125
ZBAA,KEWR,H,1235
ZGKL,ZBDT,M,0230
ZSJG,ZSJG,M,0200
ZSQD,ZGHY,M,0227
ZYTL,ZHYC,M,0209
ZBAA,VVTS,M,0457
ZYHB,ZSGZ,M,0339
ZBXJ,ZSQZ,M,0300
ZGHA,ZBYN,M,0155
ZBCF,ZBTJ,M,0100
ZSJN,ZSCN,M,0135
ZPPP,ZHXY,M,0213
VTBS,ZSJN,M,0351
ZGHA,ZBYC,M,0128
ZSQD,ZGHA,M,0204
ZSYC,ZBAA,M,0216
ZBHH,ZMUB,M,0138
ZGSZ,ZSWF,M,0227
ZBAA,ZMUB,M,0152
KLAX,ZGHA,H,1404
LFBO,RKSI,H,1026
ZYCC,ZGSZ,M,0359
ZUMY,ZYTX,M,0234
UHHH,VTSP,H,0726
ZBSJ,ZJHK,M,0300
RKSI,OMDB,H,1020
RKSI,LSZH,H,1123
ZSJG,ZYTX,M,0140
ZBTJ,ZUUU,M,0229
ZBHH,ZGHA,M,0159
ZBAA,KBOS,H,1255
KLAX,ZGGG,H,1444
ZBAA,ZGHA,M,0212
LSZH,ZBAA,H,0919
ZLIC,ZHCC,M,0121
ZSWZ,ZBTJ,M,0215
ZYHB,ZLXY,M,0300
ZBSJ,ZSYT,M,0102
ZBTJ,VHHH,H,0252
ZWKL,ZHCC,M,0353
PANC,VHHH,H,1026
VTBS,ZYTX,M,0448
EHAM,RKSI,H,0937
ZBYN,ZUUU,M,0156
ZSJN,ZSAM,M,0159
ZBHH,ZGGG,M,0240
ZBAA,ZGGG,H,0249
ZSPD,ZBDT,M,0238
ZYTX,ZSJN,M,0139
EHAM,ZSHC,H,0942
ZUGY,ZHCC,M,0155
ZBAA,KLAX,H,1142
OMAA,RJAA,H,0919
ZBLF,ZSHC,M,0153
ZBAA,KLAS,H,1146
ZBYN,ZBOW,M,0050
ZSPD,ZBDH,M,0152
KDFW,VHHH,H,1553
ZWWW,ZHCC,M,0333
ZSHC,ZBLF,M,0159
ZGHA,ZYCC,M,0306
ZSGZ,ZHCC,M,0142
ZGOW,ZLXY,M,0245
ZJHK,ZBYN,M,0240
VHHH,UUEE,H,1010
HAAB,ZBAA,H,0925
CYVR,VHHH,H,1236
ZSPD,ZBCZ,M,0150
ZGKL,ZBAA,M,0229
ZBER,ZMUB,M,0142
ZSOF,ZBAA,M,0143
ZBLA,ZBAA,M,0204
ZYTX,WSSS,H,0627
UHWW,VTBS,M,0638
UHBB,VTBU,M,0649
ZBSJ,ZSWZ,M,0202
ZGSZ,EIDW,H,1238
ZSCN,ZBYN,M,0142
VHHH,UUDD,H,0920
ZSCN,ZLLL,M,0225
ZBAA,EFHK,H,0737
ZUUU,ZHCC,M,0130
ZSCN,ZBYC,M,0123
RKSI,OMAA,H,1001
ZSYT,ZGKL,M,0240
ZYHB,ZSCN,M,0310
ZGSZ,LIML,M,1231
ZYTL,ZBHH,M,0137
ZHLY,ZUUU,M,0130
ZGSD,ZSJN,M,0227
KJFK,ZGGG,H,1450
ZYTL,ZBHD,M,0120
ZHCC,VTBD,M,0359
ZPPP,ZBHH,M,0255
ZBAA,UHWW,M,0152
ZPPP,ZBHD,M,0225
ZBSJ,ZPPP,M,0256
ZPDL,ZBAA,M,0316
EGLL,ZSQD,H,1009
ZGHA,ZBTJ,M,0201
ZBTJ,ZBLL,M,0100
ZSSS,ZHCC,M,0129
ZBYN,ZHYC,M,0122
ZBXJ,ZSLG,M,0300
ZBTJ,ZBLA,M,0210
ZBAA,LFPG,H,1002
ZJHK,ZYCC,M,0425
ZGGG,ZYHB,M,0351
NZAA,ZBAA,H,1230
ZSPD,ZBAA,H,0150
EIDW,VHHH,H,1112
EGLL,ZSPD,H,1035
LIRF,RKSI,H,1035
ZHHH,ZBLA,M,0306
ZYHB,ZSAQ,M,0302
ZBCZ,ZGKL,M,0230
ZSPD,OTHH,H,1003
ZSRZ,ZBYN,M,0130
ZGSD,ZYTX,M,0332
ZBAA,VVNB,M,0357
ZGSZ,UUEE,H,0934
ZSRZ,ZLLL,M,0240
ZBNY,ZZZZ,M,0300
ZHXY,ZSHC,M,0116
ZSHC,ZBHH,M,0226
ZYTX,ZLXY,M,0254
ZBHD,ZSPD,M,0148
VTBD,ZBTJ,H,0414
ZSWZ,ZBNY,M,0212
ZBAA,ZSZS,M,0155
ZBCD,ZSYT,M,0110
ZBAA,ZJHK,H,0317
ZSCN,ZLIC,M,0215
ZSHC,ZHSY,M,0156
ZHCC,PANC,H,0820
RJGG,ZBTJ,M,0255
ZBAA,ZPTC,M,0339
ZKPY,ZBAA,M,0150
ZSJN,ZYHB,M,0158
ZBLL,ZBAA,M,0107
RPLL,ZBAA,M,0418
ZBAA,LSGG,H,1037
ZBSJ,ZSSS,M,0139
UUEE,ZBAA,H,0641
ZGGG,ZBYN,M,0223
ZJHK,ZBTJ,M,0320
LDZA,RKSI,H,0959
ZBNY,ZGSZ,M,0302
ZBAA,ZSYT,M,0057
ZSYA,ZLXY,M,0151
RCTP,ZSJN,M,0224
ZHES,ZYTL,M,0225
ZPPP,ZBDS,M,0227
KORD,VHHH,H,1508
ZSJG,ZSAM,M,0155
ZGDY,ZSQD,M,0221
ZBAA,OIIE,H,0748
ZHCC,ZWWW,M,0416
ZGGG,ZBXZ,M,0229
RJBB,ZHCC,M,0310
ZBAA,ZSYA,M,0129
ZBTJ,ZUNC,M,0209
ZSCN,ZBTJ,M,0149
ZJHK,ZBSJ,M,0257
EHAM,ZSAM,H,1037
ZBTJ,ZBHH,M,0108
ZLXN,ZSYT,M,0237
VVCR,ZHCC,M,0328
ZSPD,EGLL,H,1220
ZHHH,ZBHH,M,0156
ZSFZ,ZBYN,M,0231
ZBAA,ZSWZ,M,0212
ZBAA,ZSWY,M,0202
ZULZ,ZBAA,M,0230
ZBAA,ZSWX,M,0136
ZSJN,ZLLL,M,0210
ZBYN,ZBHH,M,0041
ZSQD,ZPPP,M,0319
ZSPD,EGKK,H,1221
WMKK,ZBAA,H,0546
UUWW,RKSS,H,0723
ZGGG,ZYCC,M,0342
ZBLL,ZUCK,M,0130
LEBL,ZSPD,H,1128
ZBHH,ZPPP,M,0249
ZBAA,ZPPP,H,0300
ZBSJ,ZSPD,M,0133
ZSPD,EDDP,H,1107
RPLL,EGLL,H,1403
ZSPD,EDDM,H,1145
ZBYC,ZUGY,M,0128
VHHH,ZYTX,M,0324
ZYTL,ZBAA,M,0111
ZSPD,EDDF,H,1130
ZJSY,ZSJN,M,0308
ZHCC,ZWTL,M,0350
ZPPP,ZBAA,M,0301
OLBA,RKSI,H,0933
ZBCF,ZBHH,M,0059
ZGGG,ZYAS,M,0323
YSSY,ZBAA,H,1059
ZSHC,ZHNY,M,0146
ZHLY,ZBHH,M,0113
ZHCC,VMMC,M,0206
ZYCC,ZGHA,M,0312
ZBDS,ZBYN,M,0058
ZBYZ,ZLXY,M,0118
ZBAA,VCBI,H,0731
ZSJN,ZYCC,M,0145
ZSHC,ZUGU,M,0223
UUEE,ZHHH,H,0724
ZBYC,ZBAA,M,0131
ZBHH,ZSTX,M,0201
RJAA,OTHH,H,1150
ZGNN,ZBTJ,M,0300
ZGGG,ZBTJ,M,0233
ZBSJ,ZSNJ,M,0118
ZHCC,ZGSZ,M,0201
ZHCC,ZGSY,M,0133
ZSNT,ZBTJ,M,0131
ZSQD,ZSSR,M,0156
CYYZ,ZBAA,H,1244
ZGHA,ZBLF,M,0142
ZGSZ,ZSJN,M,0214
ZSOF,ZHCC,M,0051
ZYCC,ZGGG,M,0345
ZBSJ,ZSNB,M,0148
VVTS,ZBAA,M,0443
ZSJN,ZLIC,M,0153
ZHHH,ZBDT,M,0156
ZSCN,ZBOW,M,0222
ZBNY,ZGNN,M,0500
ZJSY,ZYTX,M,0419
ZBAA,EIDW,H,1035
ZPLJ,ZBAA,M,0259
ZBYN,ZBDT,M,0045
EGLL,RKSI,H,0955
UNNT,ZSSS,M,0432
ZLXY,ZSYT,M,0155
ZHCC,ZGSD,M,0209
ZYHB,ZBYN,M,0226
LTBA,ZBAA,H,0840
ZSHC,ZBAA,M,0152
ZLXY,ZSYN,M,0141
ZGNN,ZBSJ,M,0233
ZGGG,ZBSJ,M,0226
ZBHH,ZSSS,M,0200
ZYHB,ZLLL,M,0320
ZBAA,ZSSS,H,0136
EBLG,ZSPD,H,0953
UKBB,ZBAA,H,0858
ZYHB,ZBYC,M,0244
ZBAA,UBBB,H,0744
ZBTJ,ZBCF,M,0058
ZSNJ,ZSJN,M,0059
ZLXY,ZSYA,M,0220
ZBTJ,ZBCD,M,0040
ZBHD,ZYTX,M,0128
ZYHB,ZBXZ,M,0217
ZLLL,ZBAA,M,0150
ZBAA,ZSSH,M,0123
ZBYN,ZBCZ,M,0031
ZHYC,ZWWW,M,0407
ZBAA,LIMC,H,1010
ZBLF,ZYHB,M,0220
ZBHD,ZYTL,M,0110
ZBTJ,VTSP,M,0525
ZSYN,ZHCC,M,0121
ZSFZ,ZBTJ,M,0215
ZSSS,ZWWW,M,0518
ZGSZ,ZYTX,M,0323
ZBTJ,ZUGY,M,0235
ZGDY,ZSJN,M,0145
ZBSJ,ZSLG,M,0104
ZBAA,ZPLJ,M,0305
ZSQD,UUEE,H,0846
ZLXY,ZSWX,M,0144
ZBYN,VTSP,M,0514
ZLXN,ZSSH,M,0230
ZBNY,ZWKL,M,0500
ZBAA,ZSQZ,M,0224
ZGGG,EHAM,H,1156
ZBYN,ZUGY,M,0200
ZSNB,ZBSJ,M,0157
ZSPD,ZHCC,M,0140
ZBUL,ZBNY,M,0128
ZJHK,ZBLF,M,0240
ZLXY,ZSWH,M,0158
LFPG,VHHH,H,1050
ZULS,ZBAA,M,0336
ZBAA,LOWW,H,0956
ZBTJ,WBKK,M,0502
RKSI,EFHK,H,0852
ZGHZ,ZBAA,M,0257
KBOS,VHHH,H,1512
UIII,ZBAA,M,0212
ZBAA,UUEE,H,0740
ZYTL,ZHHH,M,0201
ULLI,ZBAA,H,0707
ZBXJ,ZYMD,M,0300
ZBAA,ZSQD,M,0107
ZBAA,VVCR,M,0438
ZSYW,ZLXY,M,0216
ZHHH,ZBAA,M,0144
ZGHA,ZBHH,M,0220
ZBLF,ZLLL,M,0141
ZHCC,ZGOW,M,0209
ZYCC,VVNB,M,0457
KDFW,ZBAA,H,1331
ZBYN,ZBAA,M,0059
ZBXG,ZSQD,M,0300
ZGCD,ZBAA,M,0200
ZYHB,ZLIC,M,0240
ZBZJ,ZSPD,M,0202
ZBAA,UUDD,H,0716
ZBHH,ZSPD,M,0211
ZBDT,ZSPD,M,0218
UHHH,VTBU,M,0736
ZBAA,ZSPD,H,0144
EFHK,ZSPD,H,0809
CYVR,ZBAA,H,1026
ZYHB,ZUZY,M,0402
ZGZJ,ZBAA,M,0332
ZSPD,LTFM,H,1118
ZHLY,ZUGY,M,0136
ZSNJ,ZLYL,M,0201
ZHCC,ZGNN,M,0208
ZHSY,ZBHH,M,0142
ZBAA,ZSOF,M,0133
ZGGG,ZBNY,M,0232
LEBL,RKSI,H,1125
ZSNJ,ZLYA,M,0157
ZBDS,ZBSJ,M,0050
ZBSJ,ZYTX,M,0122
ZSNJ,ZLXY,M,0146
ZLYA,ZSNJ,M,0145
ZGSZ,ZSDY,M,0236
ZYHB,ZBTJ,M,0150
ZSJN,ZUUU,M,0213
ZBNY,ZGHZ,M,0300
ZBAA,ZSNT,M,0128
ZBUH,ZBAA,M,0130
ZBSJ,ZYTL,M,0105
ZBNY,ZGHY,M,0217
ZHCC,ZJSY,M,0244
ZSNJ,ZLXN,M,0231
ZYTX,ZLLL,M,0246
ZBSJ,ZSHC,M,0143
OAIX,RKSI,H,0636
ZLLL,ZHHH,M,0152
ZBHH,ZSNJ,M,0150
ZSPD,UCFM,H,0643
ZBAA,ZSNJ,M,0128
EFHK,ZSNJ,H,0812
ZBTJ,ZUCK,M,0225
ZSFZ,ZBOW,M,0259
ZHLY,ZBAA,M,0117
ZSJN,VHHH,M,0246
ZBAA,ZSNB,M,0153
VTBS,ZYCC,M,0516
ZSLG,ZLXY,M,0148
KJFK,ZSPD,H,1410
ZLXY,ZSSS,M,0147
ZYHB,ZBSJ,M,0155
ZULZ,ZHCC,M,0147
ZJHK,ZBHH,M,0321
ZBAA,UHHH,M,0226
ZLXY,ZSSH,M,0137
EGKK,ZSPD,H,1100
ZHNY,ZUUU,M,0134
ZBYN,ZUCK,M,0150
ZBAA,WMKK,H,0619
LFBO,ZBTJ,H,0949
ZBTJ,RJGG,M,0220
ZBAA,ZYYJ,M,0132
ZBSJ,ZSFZ,M,0222
ZLXY,ZSRZ,M,0135
EIDW,ZBAA,H,0918
WALL,ZSJN,M,0610
ZLXN,ZSNJ,M,0211
ZPMS,ZBAA,M,0318
ZUMY,ZBTJ,M,0212
ZBNY,ZGGG,M,0234
ZGHA,ZBDS,M,0214
ZHCC,ZWKM,M,0424
ZHCC,ZWKL,M,0401
ZSWZ,ZBAA,M,0227
ZSCN,ZBHH,M,0208
ZGOW,ZBSJ,M,0232
ZGSD,ZBYN,M,0240
ZBAA,ZSLQ,M,0206
EDDF,ZGSZ,H,1051
ZBNY,ZGFS,M,0300
ZBTJ,ZHHH,M,0132
ZGSD,ZBYC,M,0216
ZBSJ,ZLXY,M,0120
ZYDQ,ZBAA,M,0144
RJTT,ZBTJ,M,0301
ULLI,ZHHH,H,0805
ZHCC,ZGKL,M,0138
ZLHZ,ZSQD,M,0159
UAAA,ZBAA,M,0402
ZYTL,ZHCC,M,0141
ZUMY,ZBSJ,M,0150
VDSR,ZBTJ,M,0421
ZHNY,ZBNY,M,0125
RJBB,OMDB,J,1059
EHAM,ZBTJ,H,0858
ZPPP,ZHCC,M,0224
RKSI,LIRF,H,1142
VTBS,ZBTJ,M,0411
EBLG,ZSHC,H,1016
LEVC,ZSPD,M,1101
ZLXY,ZSQD,M,0152
LEZG,ZHCC,H,1127
KLAX,ZSJN,H,1305
ZSPD,LTBA,H,1106
ZBUL,ZBHH,M,0140
ZLHZ,ZSPD,M,0201
ZSJN,ZHXY,M,0113
ZLXN,ZSLG,M,0212
KSFO,ZGGG,H,1358
KORD,ZBAA,H,1256
ZYHB,ZUUU,M,0351
KSWF,ZBAA,M,1234
ZBDS,ZBNY,M,0103
ZLXY,ZSPD,M,0155
ZBAA,ZPDL,M,0341
ZLYL,ZSNJ,M,0149
KLAX,WSSS,H,1656
LLBG,ZSPD,H,0947
ZPLJ,ZHCC,M,0217
ZBXJ,ZLLT,M,0300
ZBSJ,ZSCN,M,0141
ZWTL,ZHCC,M,0334
ZLLL,RCTP,M,0326
ZSHC,ZHCC,M,0122
ZHCC,ZGHZ,M,0158
ZBAA,RKTN,M,0136
CYYZ,RPLL,H,1543
ZUCK,ZSQD,M,0225
ZLXY,ZSOF,M,0122
ZBAA,WSSS,H,0543
ZBNY,ZGCS,M,0300
ZGHA,ZBAA,M,0158
ZLLL,ZHCC,M,0135
ZBNY,ZGCJ,M,0221
UNNT,RKSI,M,0450
RCTP,ZBYN,M,0257
LIMC,ZSPD,H,1039
ZBXJ,ZBXJ,M,0400
ZBAA,RKSS,M,0126
ZGNN,ZBHH,M,0257
ZBHH,ZYTX,M,0126
ZLXY,ZSNJ,M,0138
ZBDT,ZYTX,M,0116
ZGGG,ZBHH,M,0250
ZBAA,ZYTX,M,0101
ZYTX,ZBSJ,M,0132
ZSJG,ZUUU,M,0210
UTTT,RKSI,H,0537
ZBAA,RKSI,H,0129
EFHK,RKSI,H,0749
ZSYA,ZBTJ,M,0120
ZBHH,ZYTL,M,0123
ZBDT,ZYTL,M,0116
ZBAA,ZYTL,M,0102
KLAS,ZBAA,H,1210
ZBCZ,ZSPD,M,0137
ZBTJ,RJBB,H,0216
ZBHH,ZSHC,M,0204
ZSPD,ZWWW,M,0513
ZBAA,ZSHC,M,0143
ZWHM,ZHCC,M,0305
ZHCC,ZGGG,M,0145
ZBAA,UNNT,M,0442
ZBAA,ZLZW,M,0150
ZBAA,ZSGZ,M,0223
ZBSJ,ZSAM,M,0220
ZBAA,ZSGS,M,0224
ZJSY,ZYHB,M,0451
EDDP,ZSPD,H,0914
ZSYA,ZBSJ,M,0126
EHAM,VHHH,H,1040
ZBNY,ZSYT,M,0056
RKSI,UBBB,H,0856
ZLXY,ZSLY,M,0131
ZBTJ,RJAA,M,0252
RJGG,ZBAA,M,0308
ZBTX,ZZZZ,M,0300
ZHCC,WADD,H,0609
ZSQD,ZLXY,M,0150
EBLG,ZSCN,H,1007
ZSJN,ZUMY,M,0200
ZBYN,RCTP,M,0251
ZBAA,ZSFZ,H,0216
KLAX,ZLXY,H,1320
ZSNB,ZBHH,M,0233
ZSJN,ZBHH,M,0137
ZHHH,ZHCC,M,0051
ZYHB,ZBLF,M,0250
ZSPD,ESSA,H,1042
ZBHD,ZYHB,M,0202
ZJHK,ZBAA,H,0319
ZBCZ,ZSNJ,M,0115
ZBAA,ZLYA,M,0124
LEMD,ZSPD,H,1151
CYVR,ZHCC,H,1155
ZGSZ,ZYHB,M,0355
ZBHH,ZLXY,M,0126
ZGGG,KJFK,H,1441
ZBDT,ZLXY,M,0119
ZBAA,ZLXY,M,0145
ZSCN,ZBAA,M,0201
ZYTX,ZUUU,M,0330
ZBAA,ZLXN,M,0211
ZBAA,RKPK,M,0145
ZBNY,ZSWY,M,0300
ZBNY,ZSWX,M,0300
ZSWX,ZLXY,M,0154
ZBAA,RKPC,H,0200
EDFH,RKSI,H,1053
RKSI,LOWW,H,1034
ZGGG,EGSS,H,1212
ZYTX,ZBOW,M,0200
ZYTX,VHHH,M,0346
RKSI,UUEE,H,0859
ZBNY,ZSWH,M,0300
ZLXY,ZSJN,M,0123
ZBXJ,ZBTJ,M,0200
ZBXJ,ZLGM,M,0200
KJFK,ZSFZ,H,1426
ZBAA,UNKL,M,0349
ZLXY,ZSJH,M,0132
VHHH,ZYCC,M,0354
ZSYT,ZSJN,M,0044
ZSPD,LSZH,H,1210
ZWKM,ZHCC,M,0348
ZLYL,ZSHC,M,0150
LGEL,ZBAA,M,0920
ZBUL,ZBAA,M,0138
ZBDS,ZBHH,M,0040
RKSI,UUDD,H,0833
ZGSZ,ZBYN,M,0232
ZBAA,HECA,H,0947
ZBHH,ZSCN,M,0148
ZSWF,ZLXY,M,0147
ZGSZ,ZBYC,M,0212
ZBAA,ZSCN,M,0200
ZBXJ,ZUXC,M,0200
ZHCC,ZJHK,M,0231
LTFM,ZSPD,H,0947
ZLXY,ZYTX,M,0207
LFPG,ZBAA,H,0910
ZUCK,ZSJN,M,0158
ZHCC,ZWAK,M,0428
ZSWZ,ZHCC,M,0150
ZLXY,RKSI,M,0214
RCTP,ZBSJ,M,0306
ZSNJ,ZBYN,M,0149
ZYHB,ZBHH,M,0206
ZHCC,ZPTC,M,0251
KBOS,ZBAA,H,1227
ZUCK,ZSJG,M,0155
ZSQZ,ZSJN,M,0159
LLBG,RKSI,H,0951
ZLXY,ZYTL,M,0152
ZBXG,ZSCG,M,0300
ZSJH,ZLXY,M,0142
ZSNJ,ZLLL,M,0230
ZSNJ,ZBYC,M,0129
ZHCC,ZSYW,M,0133
ZBSJ,ZYHB,M,0149
ZHCC,ZSYT,M,0126
VHHH,ZBTJ,M,0241
ZHXY,ZBNY,M,0119
ZLXY,ZSGZ,M,0147
ZBAA,LLBG,H,1014
RJFR,ZSJN,M,0236
ZBXJ,ZLDX,M,0300
ENGM,RKSI,H,0854
ZBAA,VRMM,H,0829
UUEE,ZGSZ,H,0839
ZBAA,ZSAQ,M,0141
ZBTJ,VTBD,H,0441
ZGNN,ZBAA,M,0315
ZGGG,ZBAA,H,0233
ZBAA,ZSAM,M,0230
ZBAA,UKBB,H,0946
ZYTX,ZHXF,M,0227
ZBNY,ZSSS,M,0133
LIMC,RKSI,H,1011
ZBYC,ZWWW,M,0336
ZUCK,ZYTX,M,0257
ZGGG,ZHLY,M,0202
ZGSZ,ZYCC,M,0401
ZBAA,ZYMD,M,0140
ZSNT,ZHLY,M,0135
ZLLL,ZGYY,M,0202
UHHH,ZJSY,M,0635
ZUCK,RKSI,M,0311
USSS,ZSPD,H,0613
ZSJN,ZUGU,M,0150
ZBNY,ZSSF,M,0300
OTHH,RKSI,H,0805
ZSJG,ZBHH,M,0142
ZBAA,YBBN,H,1003
ZSLQ,ZBAA,M,0221
ZHCC,ZSWZ,M,0149
ZBNY,ZSRZ,M,0101
ZHCC,ZSWX,M,0108
ZJSY,ZBTJ,M,0332
ZSHC,ZWWW,M,0508
ZSYT,ZLXY,M,0205
EDDF,ZGGG,H,1044
ZLXY,RKPK,M,0235
EDDP,RKSI,H,1035
ZBSJ,ZLLL,M,0141
ZBLF,ZBHH,M,0059
ZLXY,RKPC,M,0246
ZLYL,ZSCN,M,0147
ZSNB,ZBAA,M,0203
ZSJN,ZBAA,M,0048
ZSFZ,ZBAA,M,0235
ZSCG,ZBAA,M,0138
ZYCC,ZSJN,M,0150
VHHH,EHAM,H,1148
ZUCK,ZSFY,M,0130
ZJSY,ZBSJ,M,0320
ZSNJ,ZLIC,M,0218
ZHCC,ZPPP,M,0221
ZBAA,EBBR,H,1044
ZBAA,ZYJZ,M,0050
ZGSZ,ZBTJ,M,0239
ZHCC,ELLX,H,1019
ZSLY,ZBTJ,M,0106
LEMD,RKSI,H,1125
ZYTL,OPIS,M,0656
UBBB,ZBAA,H,0631
ZSQZ,ZLXY,M,0217
RKSS,UAAA,M,0628
LFPG,ZHHH,H,1000
ZPTC,ZSQD,M,0329
ZYTX,ZUNC,M,0305
ZGGG,EGLL,H,1224
ZLXY,ZSCN,M,0132
RJAA,OMDB,J,1135
ZGSZ,ZBSJ,M,0231
ZBNY,ZSPD,M,0136
ZSNJ,ZBTJ,M,0125
ZLXY,ZSCG,M,0146
ZBTJ,ZWWW,M,0400
WSSS,ZSJN,M,0519
VMMC,ZBTJ,M,0243
ZUUU,ZSYT,M,0228
ZHHH,ZWWW,M,0427
ZBYN,ZWWW,M,0336
ZSNJ,ZBSJ,M,0127
ZBSJ,ZLIC,M,0121
ZBYC,ZGSZ,M,0212
ZBXJ,ZBLA,M,0300
ZBDS,ZHLY,M,0111
ZSJN,ZUCK,M,0150
ZJHK,ZHCC,M,0237
ZLQY,ZYHB,M,0250
ZHCC,ZSSS,M,0115
ZHCC,UBBB,H,0745
ZBSJ,ZUZY,M,0211
VTBS,ZBDS,M,0351
ZBHH,ZYHB,M,0142
ZBXJ,ZHWT,M,0300
ZBAA,ZYHB,M,0133
ZBYC,ZGSD,M,0213
ZGGG,EDDF,H,1209
EBBR,ZSPD,H,0956
WSSS,ZYTX,H,0554
ZSCN,ZHCC,M,0114
EGLL,VHHH,H,1113
ZYHB,ZBAA,M,0141
RKSI,UNNT,M,0546
ZYCC,ZLYL,M,0220
LTFM,RKSI,H,0924
ELLX,ZBAA,H,0900
ZBHD,ZUUU,M,0150
ZYHB,ZHLY,M,0246
VHHH,EKCH,H,1126
ZBOW,ZSPD,M,0220
ZBSJ,ZBTJ,M,0047
ZYCC,ZLXY,M,0256
ZSQD,ZBYN,M,0134
VIDP,ZBAA,H,0545
ZUUU,ZSWH,M,0240
ZSJN,ZHHH,M,0128
ZLZY,ZSPD,M,0248
ZHCC,VVDN,M,0319
ZLDH,ZBAA,M,0239
ZSQD,ZBYC,M,0131
ZSLY,ZUUU,M,0241
ZGOW,ZBAA,M,0245
ZBNY,ZSLY,M,0057
ZHXF,ZWWW,M,0336
UHWW,VVCR,M,0639
ZBHH,ZBYZ,M,0046
ZBAA,LEMD,H,1146
ZUGU,ZSJN,M,0140
KIAD,VHHH,H,1519
ZYTX,ZBDT,M,0130
LFPG,RJBB,H,1042
ZBHH,ZBYN,M,0037
ZHCC,UUEE,H,0744
ZBDT,ZBYN,M,0047
ZBAA,ZBYN,M,0057
ZBNY,ZSLG,M,0103
KSEA,ZBAA,H,1113
ZUMY,ZBAA,M,0223
ZHCC,ZSQD,M,0122
ZBTJ,VMMC,M,0252
ZBDT,ZLLL,M,0138
RKSI,ZLXY,H,0243
ZBAA,ZLLL,M,0203
ZLIC,ZSSS,M,0222
ZSSR,ZYHB,M,0312
LOWW,ZSPD,H,0930
ZBXJ,ZUNC,M,0154
ZLIC,ZSSH,M,0215
ZYTX,ZBCZ,M,0240
ZSWX,ZBYN,M,0144
ZSNJ,ZBOW,M,0216
ZBTJ,ZGSZ,M,0256
ZSLY,ZBNY,M,0104
RJTT,ZBAA,H,0317
UHHH,VVPQ,M,0713
ZSWX,ZBYC,M,0129
RJTT,OTHH,H,1131
ZHCC,ZSPD,M,0125
EHAM,ZBAA,H,0905
ZBHH,ZBXH,M,0048
ZLXN,ZBYN,M,0117
LKPR,ZSPD,H,1001
VTBS,ZBAA,H,0411
ZYHB,ZUCK,M,0342
LSGG,ZBAA,H,0956
ZBAA,ZYDQ,M,0132
ZWWW,ZSSS,M,0419
ESSA,ZSPD,H,0920
ZBTJ,ZGSD,M,0251
ZBNY,ZSJU,M,0300
ZBYN,ZGSZ,M,0234
ZLYL,ZYHB,M,0220
ZGCJ,ZSJN,M,0157
ZWWW,ZSSH,M,0412
OIIE,ZBAA,H,0637
ZBXG,ZBXG,M,0300
ZBYZ,ZBHH,M,0040
ZPJH,ZBAA,M,0332
CYVR,ZGSZ,H,1217
ZYTX,ZUGY,M,0339
ZGNN,ZHCC,M,0210
ZGGG,ZHCC,M,0158
ZSQD,ZLIC,M,0214
ZSNT,ZHCC,M,0122
ZLIC,ZSQD,M,0206
ZSAM,ZSJN,M,0156
ZBAA,ZYCC,M,0123
ZBSJ,ZUUU,M,0210
ZHCC,ZSNJ,M,0058
UUWW,ZBHH,M,0701
EDDM,ZSPD,H,0953
ZYHB,ZHHH,M,0300
LIPZ,RKSI,H,1028
ZSDY,ZSPD,M,0134
ELLX,ZHHH,H,1005
ZSLQ,ZHCC,M,0151
ZYTX,ZBAA,M,0119
ZLXY,ZYHB,M,0234
ZBHH,ZLIC,M,0103
ZBAA,ZLIC,M,0140
ZUGY,ZSQD,M,0255
ZLIC,ZSPD,M,0219
ZSJN,RCTP,M,0226
ZWWW,ZSQD,M,0413
ZBNY,ZYTL,M,0054
ZBHH,ZBUL,M,0130
ZBAA,ZUZY,M,0229
ZSQD,ZBTJ,M,0059
ZBHH,ZBUH,M,0059
ZBAA,UACC,M,0525
ZBNY,ZLZY,M,0300
ZBAA,ZYAS,M,0056
ZSFZ,ZHCC,M,0157
ZBYY,ZZZZ,L,0300
ZSPD,EFHK,H,0856
ZLYA,ZBTJ,M,0113
UIUU,ZBAA,M,0230
UNNT,ZBTJ,M,0354
VTSP,ZBAA,H,0442
UUEE,ZGGG,H,0855
ZSYA,ZBAA,M,0141
EKCH,ZBAA,H,0818
EIDW,ZGSZ,H,1057
KSFO,WSSS,H,1633
ZBHH,ZBTL,M,0120
LFPB,ZSPD,M,1040
ZBHH,ZBTJ,M,0101
LIRF,ZBAA,H,0916
ZBCD,ZBSJ,M,0052
ZLXY,ZBYZ,M,0127
ZUUU,ZSQD,M,0229
ZSAM,UNNT,H,0635
ZUCK,ZYHB,M,0333
DAAG,ZBAA,H,1100
ZGSD,ZBAA,M,0305
ZLIC,ZSNJ,M,0208
ZBNY,ZLYL,M,0116
ZBYN,ZGOW,M,0245
EBBR,RKSI,H,0934
ZWWW,ZSOF,M,0350
ZBHH,ZBSJ,M,0052
ZSPD,LFPG,H,1200
CYUL,ZSPD,H,1326
PHNL,ZBAA,H,1235
ZBTJ,ZGNN,M,0253
VVDN,ZBAA,M,0400
ZBOW,ZYTX,M,0136
ZBAA,UAAA,M,0457
KEWR,ZSPD,H,1404
ZYTX,ZUCK,M,0324
ZBOW,ZYTL,M,0134
ZLYL,ZYCC,M,0210
ZHCC,ZPDL,M,0246
ZWWW,ZSNJ,M,0402
ZBNY,ZYQQ,M,0133
ZBSJ,ZBLF,M,0048
ZBTJ,ZJSY,M,0345
ZBYN,ZGNN,M,0233
ZBAA,ZUWX,M,0210
ZGSZ,ZBHH,M,0256
ZGSZ,ZBHD,M,0210
ZSAM,ZLXY,M,0232
RJBB,UBBB,H,1000
LHBP,ZSPD,M,0910
ZUCK,ZBYN,M,0141
ZHCC,WSSS,M,0507
ZYTL,ZGHA,M,0224
ZBYN,ZJSY,M,0316
ZUPS,ZBAA,M,0301
ZBAA,EHAM,H,0938
ZSQZ,ZLLL,M,0311
ZSQD,ZUUU,M,0235
ZSQZ,ZBYC,M,0206
LOWW,RKSI,H,0930
EDDF,ZSQD,H,0934
ZBAA,LKPR,H,0959
KLAX,ZUUU,H,1351
ZYHB,ZHCC,M,0244
ZYTX,ZHHH,M,0234
UUMO,ZBAA,M,0656
ZLXY,ZYCC,M,0234
ELLX,ZHCC,H,0909
ZHCC,ZYTX,M,0152
ZMUB,RKSI,H,0248
ZHCC,RKSI,H,0153
ZHCC,ZYTL,M,0148
KLAX,VHHH,H,1424
LKPR,RKSI,H,0921
ZBYC,ZGHA,M,0121
ZSPD,OIIE,H,0908
ZBHH,ZUUU,M,0215
ZHCC,ZSHC,M,0114
ZSLG,ZBHH,M,0221
ZBAA,ZUUU,M,0228
ZGHY,ZYTL,M,0234
ESSA,RKSI,H,0826
EDDF,ZSPD,H,1010
ZBTJ,ZGKL,M,0240
ZHCC,UNNT,H,0425
RCTP,ZBAA,H,0251
ZHCC,ZSGZ,M,0136
UNNT,VHHH,M,0548
ZGOW,ZHCC,M,0207
ZLIC,ZSJN,M,0142
ZBAA,VHHH,H,0303
EFHK,VHHH,H,0848
VLVT,ZBAA,M,0335
UMMS,ZBAA,H,0715
LIRF,ZHHH,H,1047
UUWW,ZBAA,M,0700
ZUMY,ZHCC,M,0132
CYYZ,ZGGG,H,1448
UNKL,ZBSJ,M,0330
ZBAA,ZUTR,M,0232
ZUGY,ZSJN,M,0228
ZBAA,LEBL,H,1128
ZUCK,ZYCC,M,0328
ZHCC,ZSFZ,M,0146
ZUGY,ZSJG,M,0200
ZBHH,ZBNY,M,0044
ZWWW,ZSJN,M,0351
ZSGZ,ZSJN,M,0149
ZBSJ,ZUMY,M,0200
EDDM,RKSI,H,0933
ZLXY,ZBTL,M,0216
ZLXY,ZBTJ,M,0128
ZBSJ,ZBHH,M,0058
VHHH,ZBAA,H,0254
WSSS,ZYHB,H,0624
ZGGG,PANC,H,0928
EDDF,ZSNJ,H,0950
ZBNY,ZYMD,M,0300
ZHCC,ZLXY,M,0055
ZLIC,ZYTX,M,0158
ZUYB,ZSQD,M,0239
ZMUB,RKPK,M,0316
ZGSZ,ZBCZ,M,0212
KATL,ZSPD,H,1501
YMML,ZBAA,H,1108
ZSNJ,ZBDS,M,0201
ZUUU,ZSJN,M,0200
KJFK,VHHH,H,1516
ZBXZ,ZSHC,M,0152
RKSI,LEMD,H,1244
ZUGY,ZYTX,M,0317
ZUUU,ZSJG,M,0150
ZBAA,EKCH,H,0939
ZUGY,RKSI,M,0257
OMAA,RKSI,H,0751
ZUTR,ZBAA,M,0225
EGKK,VHHH,H,1104
ZSQD,ZHXF,M,0137
ZHLY,ZGKL,M,0137
ZBAA,ZHYC,M,0158
ZLTS,ZBTJ,M,0140
ZBTJ,ZGHA,M,0150
ZWWW,RKSI,M,0403
ZUCK,ZBTJ,M,0205
PANC,ZGHA,H,0927
EGLL,ZBAA,H,0900
ZJSY,ZBAA,M,0340
RJAA,LFPG,H,1417
LFPB,ZYTL,M,0944
ZBAA,ZBLL,M,0105
ZSSR,ZBNY,M,0153
ZBHH,ZBLF,M,0054
ZSSS,ZSJN,M,0124
UACC,RKSI,M,0545
ZSNJ,ZBCF,M,0157
ZBHH,ZBLA,M,0155
ZBTJ,ZGGG,M,0242
ZBYN,ZGHA,M,0144
ZYTX,ZHCC,M,0215
ZSYW,ZBAA,M,0205
ZLXN,ZHYC,M,0157
ZHCC,ZSCN,M,0105
ZUUU,ZYTX,M,0252
UHHH,VVCR,M,0706
RKSS,ZBAA,H,0136
LSZH,ZSPD,H,1120
ZUUU,RKSI,M,0315
ZSJN,ZWWW,M,0424
OMDB,RKSI,H,0754
ZUUU,ZYTL,M,0247
ZBYN,ZGGG,M,0212
KIAD,ZBAA,H,1344
ZGSZ,ZBAA,H,0237
ZBAA,NZAA,H,1141
VHHH,EGLL,H,1254
ZLYL,ZBNY,M,0104
CYVR,ZGGG,H,1228
ZPPP,ZSYT,M,0330
ZSPD,UBBB,H,0850
VTSP,ZHCC,M,0423
ZBSJ,ZBDH,M,0055
ZBAA,RJTT,H,0243
ZSYT,ZUUU,M,0253
EPWA,RKSI,H,0907
ZSPD,LIMC,H,1136
LIRF,RJAA,H,1216
ZLXY,ZBOW,M,0123
ZSNJ,ZBAA,M,0143
ZGSD,ZHCC,M,0213
ZHCC,ZSAM,M,0158
ZBTJ,ZGDY,M,0235
VABB,ZBAA,M,0535
VMMC,ZBAA,M,0255
ZBSJ,ZBCD,M,0052
ZYCC,ZBTJ,M,0138
ZGDY,ZBAA,M,0219
VTCC,ZBAA,M,0349
ZLIC,ZSCN,M,0158
VHHH,EDDF,H,1211
ZBSJ,ZUGY,M,0220
ZBAA,ZUNC,M,0210
ZSPD,LOWW,H,1129
EDDF,RKSI,H,0928
ZGHA,UUWW,H,0944
ZBSJ,VDSR,M,0426
ZSPD,UUEE,H,0945
ZBAA,HAAB,H,1114
ZYCC,ZBSJ,M,0152
ZBAA,ZBHH,M,0056
ZHYC,ZLXY,M,0115
RKSI,ZBTJ,H,0130
ZBTL,ZBNY,M,0105
LEBL,ZBAA,H,1055
EGLL,ZHHH,H,0952
ZSSS,ZLXY,M,0206
ZLLL,ZSYA,M,0216
ZUPS,ZHCC,M,0200
ZLXY,ZHYC,M,0114
WSSS,ZBTJ,H,0516
RKPK,ZBAA,H,0211
ZBTJ,ZJHK,M,0320
ZLXY,ZHXY,M,0104
ZBNY,ZLLT,M,0300
ZSJN,ZGSZ,M,0229
ZYJM,ZBAA,M,0220
RKSI,UAAA,H,0625
ZBOW,ZYHB,M,0204
KDTW,ZBAA,H,1244
UUEE,ZSQD,H,0741
ZYTX,VTBD,H,0525
ZBTJ,ZSYT,M,0105
ZSJN,ZGSD,M,0233
RCTP,ZHCC,M,0230
ZSAM,ZBYN,M,0230
ZBDS,UIII,M,0231
RPVK,ZBAA,M,0427
ZBHH,ZBER,M,0040
ZBTJ,ZSYC,M,0203
ZBER,ZBHH,M,0040
ZBAA,KJFK,H,1302
ZSXZ,ZBSJ,M,0106
ZGSZ,EDDF,H,1216
UUEE,ZSPD,H,0819
ZBYN,ZSYT,M,0120
ZYCC,ZUUU,M,0347
RKSI,EHAM,H,1106
ZUCK,ZBLL,M,0135
RKSI,LKPR,H,1052
ZSCN,UUWW,H,0950
VHHH,ZHCC,M,0203
ZBTJ,ZSWZ,M,0200
ZGKL,ZSJN,M,0214
ZBSJ,ZUCK,M,0158
ZSNJ,EDDF,H,1139
ZHHH,LIRF,H,1131
LSZH,RKSI,H,1002
ZBAL,ZBHH,M,0120
ZBOW,ZBXZ,M,0053
ZLGM,ZHCC,M,0225
EGLL,RJBB,H,1037
ZBYN,ZSWX,M,0141
ZBHH,ZBCF,M,0056
ZBXG,ZBCZ,M,0200
ZBTJ,ZPPP,M,0259
VDPP,ZBTJ,M,0424
ZBNY,ZYBA,M,0124
EDDL,ZBAA,H,0912
ZUGU,ZBSJ,M,0141
ZPBS,ZBTJ,M,0320
ZYHB,ZGSZ,M,0407
ZSJN,ZGOW,M,0210
ZBNY,ZBUC,M,0051
ZBAA,VTSP,H,0546
ZLXY,ZBHH,M,0119
ZJSY,ZHCC,M,0245
HAAB,RKSI,H,1031
ZSAM,ZLIC,M,0304
ZBAA,ZUGY,M,0248
ZSOF,ZYTX,M,0213
ZSXZ,ZUUU,M,0220
ZBYN,ZPPP,M,0222
ZPPP,ZSQD,M,0313
ZYTX,ZWWW,M,0433
ZLLL,ZSSS,M,0234
ZHHH,ELLX,H,1113
ZSQD,ZBAA,M,0117
ZBAA,VDSR,M,0437
ZBNY,ZBTL,M,0104
ZUAS,ZBNY,M,0235
KLAX,ZBAA,H,1217
ZLLL,ZSSH,M,0206
ZSYW,ZHCC,M,0142
ZHCC,ZLLL,M,0136
VHHH,EGCC,H,1221
EGLL,RPLL,H,1220
ZSQD,ZHLY,M,0126
ZLYA,ZBAA,M,0117
ZBAA,PHNL,H,0842
ZSJN,ZGNN,M,0249
ZLIC,ZYHB,M,0220
UNNT,ZBAA,M,0351
ZBHH,ZBAL,M,0115
ZBNY,ZUYI,M,0258
ZBAA,USSS,M,0616
ZBTL,ZBHH,M,0130
RJTT,OMDB,H,1122
ZBAA,EGPH,H,1024
KSEA,ZGSZ,H,1244
ZBHH,ZBAA,M,0100
UTTT,ZBAA,H,0453
ZBDT,ZBAA,M,0050
ZGSZ,ZHCC,M,0201
ZYCC,ZHXF,M,0251
EFHK,ZBAA,H,0711
ZSAM,ZBTJ,M,0223
LEZG,ZSPD,H,1129
ZBAA,OTHH,H,0840
ZSJN,ZJSY,M,0311
ZBAA,ZHLY,M,0122
ZUCK,ZBHD,M,0135
KIAH,ZBAA,H,1353
AYPY,ZBAA,M,0946
ZSWX,ZBAA,M,0143
ZBYC,ZSPD,M,0152
ZSGZ,ZYHB,M,0334
ZBTJ,ZSSS,H,0133
ZBAA,RPVK,M,0436
ZHLY,ZPPP,M,0217
ZSNJ,ZHCC,M,0101
CYYZ,ZSPD,H,1350
ZSAM,ZBSJ,M,0221
ZSPD,EBLG,H,1155
ZBTJ,ZSSH,M,0100
ZLXN,ZBAA,M,0155
ZSOF,ZLXY,M,0122
OERK,RJTT,M,0945
EBLG,ZHHH,H,1009
VMMC,ZHCC,M,0209
ZBAA,ZUDX,M,0209
ZBYN,ZSSS,M,0148
ZLIC,ZBYN,M,0059
LTBA,ZSPD,H,1001
ZBOW,ZBTJ,M,0105
ZHCC,ZYCC,M,0224
ZBNY,ZLDX,M,0300
ZBUC,ZBNY,M,0043
ZSPD,UNNT,H,0534
ZUUU,ZYHB,M,0331
ZSQD,ZUCK,M,0228
ZLXY,ZBDS,M,0113
ZBTJ,ZPLJ,M,0301
KJFK,ZBAA,H,1322
KLAX,ZUCK,H,1404
ZLLL,ZSPD,M,0228
ZSYT,ZBDS,M,0158
ZBAA,ZKPY,M,0130
ZBYN,ZSRZ,M,0120
ZBYY,ZSWF,L,0251
ZHCC,ZLIC,M,0132
ZUGY,ZBYN,M,0205
EGGW,ZBAA,M,0841
ZSJN,ZGKL,M,0222
RJTT,OMAD,M,1058
ZBTJ,ZSQZ,M,0223
ZGHA,ZSYT,M,0202
ZWWW,ZBYN,M,0305
ZBHH,ZUCK,M,0211
ZSYN,ZLXY,M,0152
ZSAM,EHAM,H,1130
ZHCC,ZUZY,M,0140
ZBAA,ZUCK,H,0224
ZPPP,ZSLY,M,0237
ZBNY,ZUUU,M,0222
ZLLL,ZSOF,M,0152
ZUWX,ZBYN,M,0125
UUEE,RKSI,H,0803
ZHCC,ZBUC,M,0136
ZYTX,ZGSZ,M,0341
ZLXY,ZBCD,M,0145
ZBAA,EGLL,H,1042
UUEE,ZSHC,H,0825
ZSYT,ZBCD,M,0115
ZSQD,ZHHH,M,0150
ZHNY,ZGKL,M,0137
ZHHH,ZSQD,M,0147
ZBAA,RJGG,H,0222
ZSPD,ZLXY,M,0209
ZUCK,ZBDS,M,0150
UNKL,ZBAA,M,0305
ZYTX,ZGSD,M,0355
ZHCC,ZBTJ,M,0110
ZLLL,ZSNJ,M,0211
ZUUU,ZBYN,M,0144
ZBYN,ZSQD,M,0136
ZBNY,ZUTR,M,0217
ZSPD,ZLXN,M,0257
ZBTJ,ZSPD,M,0145
ZBNY,ZUTP,M,0300
ULLI,ZSPD,H,0818
ZBNY,ZBNY,M,0300
ZSQD,EDDF,H,1044
ZUXC,ZBAA,M,0255
ZBHH,ZHHH,M,0135
ZBAA,ZHHH,M,0147
UUEE,ZSFZ,H,0830
ZUNC,ZBTJ,M,0151
RKSI,HAAB,H,1207
ZSPD,ZSDY,M,0141
ZGBH,ZBAA,M,0314
ZGHA,ZSWH,M,0220
ZHYC,ZBYN,M,0121
ZYTL,ZSJN,M,0059
ZBYN,ZSPD,M,0152
ZSJN,ZGHY,M,0207
KSFO,ZUUU,H,1309
ZPPP,ZSJN,M,0250
ZSSS,ZBYN,M,0209
ZBAA,EDDM,J,0936
ZBAA,EDDL,H,1010
ZLXY,ZBAA,M,0130
ZSAM,ZBNY,M,0223
RKSI,LDZA,H,1118
ZSSS,ZLLL,M,0252
ZBAA,EDDF,H,0939
ZHYC,ZBXZ,M,0132
LLBG,ZBAA,H,0903
ZBTJ,ZSNT,M,0127
ZGFS,ZSDY,M,0225
ZSYT,ZBAA,M,0106
ZSJN,ZGHA,M,0147
KSFO,VHHH,H,1406
ZLXN,ZHHH,M,0155
ZBYN,ZSOF,M,0125
ZBTJ,ZSNJ,M,0123
ZSSH,ZBTJ,M,0114
ZSQD,ZHES,M,0220
ZBXJ,ZZZZ,M,0300
ZHXF,ZSQD,M,0147
ZBYN,ZSNT,M,0151
ZSJN,ZGGG,M,0215
ZBNY,ZHXY,M,0123
ZLIC,ZBTJ,M,0135
ZUUU,ZYCC,M,0329
ZBYN,ZSNJ,M,0131
ZBTX,ZYMD,M,0300
ZBNY,ZBLL,M,0101
ZSSH,ZBSJ,M,0113
ZPPP,ZYTX,M,0340
ZBYN,ZSNB,M,0155
LIMC,ZBAA,H,0849
CYVR,ZSNJ,H,1151
ZPPP,RKSI,M,0335
ZSHC,ZSJN,M,0122
ZUCK,ZBAA,M,0224
ZHXF,ZSPD,M,0132
ZUGY,ZBTJ,M,0241
ZSPD,LLBG,H,1107
ZSQZ,ZBAA,M,0211
OTHH,ZBAA,H,0703
ZLIC,ZBSJ,M,0108
ZUCK,ZHLY,M,0118
ZBNY,ZHWT,M,0300
ZGGG,LFPG,H,1234
ZHCC,ZUUU,M,0144
ZBYC,ZYTX,M,0200
ZSAM,ZBLF,M,0221
ZUUU,ZYAS,M,0250
ZMUB,VHHH,M,0402
UACC,ZBTJ,M,0433
ZBDS,ZGHA,M,0203
ZUGY,ZBSJ,M,0220
ZHCC,ZBOW,M,0123
ZHYC,ZLIC,M,0150
ZYTX,ZGNN,M,0400
ZHCC,VHHH,H,0207
ZBYC,ZSHC,M,0135
RKTN,ZBAA,M,0227
ZHLY,ZSNT,M,0131
ZSYT,ZUCK,M,0230
ZSQD,ZHCC,M,0127
ZSSS,ZLIC,M,0250
ZWWW,ZBSJ,M,0311
ZPPP,ZSFY,M,0226
ZBYN,ZSLG,M,0123
ZBAA,RJBB,H,0216
ZSHC,EBLG,H,1128
ZUYI,ZBTJ,M,0245
ZUUU,ZBTJ,M,0218
LTBA,RKSI,H,0939
LGAV,ZBAA,H,0918
ZBAA,RCTP,H,0245
ZHLY,ZSNB,M,0143
EGPH,ZBAA,M,0840
ZLXY,RJGG,M,0326
UNNT,ZHCC,H,0346
ZYTL,ZLXY,M,0207
VHHH,LSZH,H,1207
ZLLL,ZYTX,M,0221
UUDD,ZSPD,H,0742
ZGHY,ZBNY,M,0215
ZYHB,ZGHA,M,0330
ZBHH,ZHCC,M,0103
LEMD,ZBAA,M,1005
ZSFZ,LFPG,H,1215
RKJB,UCFM,M,0702
ZBAA,ZHCC,M,0131
UTTT,RJAA,H,0723
ZBAA,RJAA,M,0303
OMAD,ZBAA,M,0630
ZHYC,ZBTJ,M,0147
ZUUU,ZBSJ,M,0150
ZLXY,ZHHH,M,0112
ZHHH,ZSJN,M,0123
ZSSS,ZBTJ,H,0142
MMTJ,ZBAA,H,1231
ZSWX,ZHCC,M,0115
ZYHB,ZGGG,M,0352
ZSPD,EBBR,H,1153
ZSYT,ZHHH,M,0156
ZSJN,ZGCD,M,0145
ZGCD,ZSJN,M,0140
ZYQQ,ZBAA,M,0150
ZBAA,RPLL,M,0406
ZSPD,ZLQY,M,0227
ZBTJ,WSSS,H,0531
ZYYJ,ZBAA,M,0159
ZYCC,ZBAA,M,0143
ZUZY,ZBSJ,M,0201
ZBAA,EPWA,H,0926
ZGHA,ZSQD,M,0218
ZBYC,ZLXN,M,0142
ZSOF,ZYHB,M,0241
WADD,ZBAA,H,0641
ZGZJ,ZSJN,M,0245
CYYC,ZBAA,H,1102
ZSSS,ZBSJ,M,0147
ZSJN,ZSZS,M,0134
ZSJN,ZJHK,M,0302
ZSHC,ZLYA,M,0225
ZYTX,ZGKL,M,0325
ZBTJ,ZPBS,M,0337
ZBTJ,ZYTX,M,0101
ZSDY,ZBNY,M,0050
ZSHC,ZLXY,M,0210
ZBTJ,RKSI,M,0120
ZBYY,ZYYY,L,0300
ZBTJ,ZYTN,M,0122
ZGGG,LIRF,H,1235
ZBAA,LTFM,H,0944
ZBTJ,ZYTL,M,0048
ZHHH,EBLG,H,1046
ZSHC,ZLXN,M,0259
ZBTJ,ZSHC,M,0140
RKSI,ZBAA,M,0134
ZHHH,ZYTX,M,0218
ZWWW,ZBOW,M,0223
RKSI,OTHH,H,1003
ZBYN,ZYTX,M,0145
ZHHH,ZYTL,M,0205
ZBAA,EGCC,H,1101
ZSJG,ZGGG,M,0200
ZBYN,ZYTL,M,0120
WSSS,ZBAA,H,0549
KJFK,RPLL,H,1627
LTFM,ZBAA,H,0823
ZGGG,ZSWF,M,0224
ZBYN,ZSHC,M,0149
ZBAA,YMML,H,1140
ZGKL,ZBYN,M,0210
ZBSJ,ZWWW,M,0351
ZBYC,ZSCN,M,0121
ZSOF,ZBYN,M,0119
RKPK,ZWWW,H,0600
EHAM,ZGGG,H,1036
ZBHD,ZGSZ,M,0230
ZBTJ,ZSFZ,M,0220
ZSOF,ZLLL,M,0211
ZBNY,ZBES,M,0145
KEWR,VHHH,H,1519
ZYCC,ZUCK,M,0337
ZBTJ,ZLYA,M,0118
ZSWZ,ZSJN,M,0146
ZWTN,ZHCC,M,0410
ZSJN,ZSWZ,M,0140
WMSA,ZBSJ,M,0542
ZBTJ,ZLXY,M,0136
VVCR,ZBTJ,M,0414
ZSQD,VTBD,H,0451
ZBAA,VTCC,M,0454
ZUUU,ZBNY,M,0209
ZBNY,ZBDS,M,0110
ZBTJ,ZLXN,M,0215
ZBAA,KSEA,H,1021
ZBTJ,ZYQQ,M,0145
ZHHH,ZLXY,M,0118
ZYTX,ZGHA,M,0255
ZBDT,VTBS,M,0513
ZSPD,ZBZJ,M,0209
ZHCC,LHBP,H,0954
USSS,ZBAA,M,0524
ZBAA,VTBS,H,0455
ZHHH,ZLXN,M,0213
ZHLY,ZSHC,M,0130
ZHXF,ZSHC,M,0121
ZBNY,ZBCZ,M,0059
ZSJN,ZPPP,M,0240
ZSPD,LEMD,H,1430
ZGSZ,ULLI,H,1017
ZSAM,ZBDT,M,0250
ZYCC,ZHHH,M,0257
ZYTX,ZGGG,M,0324
RKSI,EGLL,H,1124
ZSYT,ZHCC,M,0132
ZMUB,ZBHH,M,0122
ZHCC,ZUMY,M,0133
ZSPD,ZBYN,M,0207
ZSSS,ZBNY,M,0143
ZSHC,ZLTS,M,0225
ZHCC,ZBHH,M,0114
ZHCC,ZUMT,M,0150
ZBNY,ZBCF,M,0047
ZWWW,ZHXF,M,0327
ZHCC,ZBHD,M,0042
ZSPD,ZLLL,M,0251
LIMC,RJBB,H,1059
ZSPD,ZBYC,M,0201
ZBAA,LTBA,H,0932
EGCC,ZBAA,H,0921
ZBNY,ZHNY,M,0125
EDDF,VHHH,H,1036
ZBXH,ZBLA,M,0112
UAAA,RKSI,H,0501
VDPP,ZBAA,M,0429
LIMC,ZHCC,H,0929
ZUBZ,ZSPD,M,0203
LIMC,RJAA,H,1212
ZUUU,ZBLF,M,0130
ZUCK,ZHCC,M,0123
ZBYN,ZSCN,M,0140
ZSQZ,ZHCC,M,0151
ZBAA,ZGZH,M,0248
RKSI,EDDM,H,1036
ZGHA,ZSJN,M,0148
ZBSJ,ZGSZ,M,0237
RKSI,EDDK,H,1219
RKSI,EDDF,J,1101
ZUMT,ZBSJ,M,0155
OPKC,ZBAA,H,0636
ZGKL,ZBTJ,M,0200
ZSJN,ZSSS,M,0119
LFPG,ZSPD,J,0958
ZSJN,ZSSR,M,0131
ZBSJ,ZGSD,M,0234
ZSYN,ZLIC,M,0229
ZBTJ,ZLTS,M,0200
ZYMD,ZBAA,M,0222
ZLIC,ZBHH,M,0059
KBOS,ZSPD,H,1343
ZSWZ,ZLXY,M,0222
ZBAA,YSSY,H,1043
ZBTX,ZBTX,M,0300
ZBTJ,ZSAM,M,0221
ZGGG,UUEE,H,1028
EDDT,ZBAA,H,0831
ZJSY,UIAA,M,0523
ZBDH,ZSQD,M,0045
ZSAM,ZBAA,H,0217
ZGKL,ZBSJ,M,0215
WIII,ZBAA,H,0646
ZSOF,ZBSJ,M,0124
ZSPD,ZLIC,M,0250
ZYHB,ZPPP,M,0431
ZGHA,ZYTX,M,0245
ZBAA,ZWWW,M,0353
ZSPD,ZLHZ,M,0218
ZBXJ,ZGHA,M,0146
ZBNY,ZUDZ,M,0300
ZGHY,ZBDS,M,0224
ZWWW,ZBHH,M,0250
ZBDH,ZSPD,M,0152
ZSJN,ZSQZ,M,0156
EBBR,ZBAA,H,0919
KSJC,ZBAA,H,1141
KSFO,ZBAA,H,1149
ZSWH,ZLXY,M,0209
ZJHK,ZSJN,M,0249
ZBXH,ZBHH,M,0048
ZBYC,ZYHB,M,0222
ZBOW,ZBAA,M,0108
ZYCC,ZHCC,M,0232
UHWW,VTSP,M,0736
ZSJN,VVCR,M,0412
ZSPD,ZBTJ,M,0150
ZHCC,ZBCF,M,0143
